{"images": [{"file_name": "photo_2023-03-24_11-17-14.jpg", "height": 1280, "width": 960, "id": 0}, {"file_name": "photo_2023-03-24_11-17-14.jpg", "height": 1280, "width": 960, "id": 1}, {"file_name": "photo_2023-03-24_11-17-14.jpg", "height": 1280, "width": 960, "id": 2}, {"file_name": "photo_2023-03-24_11-17-14.jpg", "height": 1280, "width": 960, "id": 3}, {"file_name": "photo_2023-03-24_11-17-16.jpg", "height": 1280, "width": 960, "id": 10}, {"file_name": "photo_2023-03-24_11-17-16.jpg", "height": 1280, "width": 960, "id": 11}, {"file_name": "photo_2023-03-24_11-17-16.jpg", "height": 1280, "width": 960, "id": 12}, {"file_name": "photo_2023-03-24_11-17-16.jpg", "height": 1280, "width": 960, "id": 13}, {"file_name": "photo_2023-03-24_11-17-13.jpg", "height": 1280, "width": 960, "id": 14}, {"file_name": "photo_2023-03-24_11-17-13.jpg", "height": 1280, "width": 960, "id": 15}, {"file_name": "photo_2023-03-24_11-17-13.jpg", "height": 1280, "width": 960, "id": 16}, {"file_name": "photo_2023-03-24_11-17-13.jpg", "height": 1280, "width": 960, "id": 17}, {"file_name": "photo_2023-03-24_11-17-18.jpg", "height": 1280, "width": 960, "id": 18}, {"file_name": "photo_2023-03-24_11-17-18.jpg", "height": 1280, "width": 960, "id": 19}, {"file_name": "photo_2023-03-24_11-17-08.jpg", "height": 1280, "width": 960, "id": 20}, {"file_name": "photo_2023-03-24_11-17-08.jpg", "height": 1280, "width": 960, "id": 21}, {"file_name": "photo_2023-03-24_11-17-08.jpg", "height": 1280, "width": 960, "id": 22}, {"file_name": "photo_2023-03-24_11-17-08.jpg", "height": 1280, "width": 960, "id": 23}, {"file_name": "photo_2023-03-24_11-17-10.jpg", "height": 1280, "width": 960, "id": 24}, {"file_name": "photo_2023-03-24_11-17-10.jpg", "height": 1280, "width": 960, "id": 25}, {"file_name": "photo_2023-03-24_11-17-10.jpg", "height": 1280, "width": 960, "id": 26}, {"file_name": "photo_2023-03-24_11-17-10.jpg", "height": 1280, "width": 960, "id": 27}, {"file_name": "photo_2023-03-24_11-17-11.jpg", "height": 1280, "width": 960, "id": 36}, {"file_name": "photo_2023-03-24_11-17-11.jpg", "height": 1280, "width": 960, "id": 37}, {"file_name": "photo_2023-03-24_11-17-11.jpg", "height": 1280, "width": 960, "id": 38}, {"file_name": "photo_2023-03-24_11-17-11.jpg", "height": 1280, "width": 960, "id": 39}, {"file_name": "photo_2023-03-24_11-17-09.jpg", "height": 1280, "width": 960, "id": 40}, {"file_name": "photo_2023-03-24_11-17-09.jpg", "height": 1280, "width": 960, "id": 41}, {"file_name": "photo_2023-03-24_11-17-09.jpg", "height": 1280, "width": 960, "id": 42}, {"file_name": "photo_2023-03-24_11-17-09.jpg", "height": 1280, "width": 960, "id": 43}, {"file_name": "photo_2023-03-24_11-17-19.jpg", "height": 1280, "width": 960, "id": 44}, {"file_name": "photo_2023-03-24_11-17-19.jpg", "height": 1280, "width": 960, "id": 45}, {"file_name": "photo_2023-03-24_11-17-21.jpg", "height": 1280, "width": 960, "id": 46}, {"file_name": "photo_2023-03-24_11-17-21.jpg", "height": 1280, "width": 960, "id": 47}, {"file_name": "photo_2023-03-24_11-17-07.jpg", "height": 1280, "width": 960, "id": 48}, {"file_name": "photo_2023-03-24_11-17-07.jpg", "height": 1280, "width": 960, "id": 49}, {"file_name": "photo_2023-03-24_11-17-07.jpg", "height": 1280, "width": 960, "id": 50}, {"file_name": "photo_2023-03-24_11-17-22.jpg", "height": 1280, "width": 960, "id": 51}, {"file_name": "photo_2023-03-24_11-17-22.jpg", "height": 1280, "width": 960, "id": 52}, {"file_name": "photo_2023-03-24_11-17-20.jpg", "height": 1280, "width": 960, "id": 53}, {"file_name": "photo_2023-03-24_11-17-20.jpg", "height": 1280, "width": 960, "id": 54}, {"file_name": "photo_2023-03-24_10-03-24.jpg", "height": 1280, "width": 960, "id": 55}, {"file_name": "photo_2023-03-24_10-03-24.jpg", "height": 1280, "width": 960, "id": 56}, {"file_name": "photo_2023-03-24_10-03-24.jpg", "height": 1280, "width": 960, "id": 57}, {"file_name": "photo_2023-03-24_10-03-24.jpg", "height": 1280, "width": 960, "id": 58}, {"file_name": "photo_2023-03-24_10-03-25.jpg", "height": 1280, "width": 960, "id": 59}, {"file_name": "photo_2023-03-24_10-03-25.jpg", "height": 1280, "width": 960, "id": 60}, {"file_name": "photo_2023-03-24_10-03-25.jpg", "height": 1280, "width": 960, "id": 61}, {"file_name": "photo_2023-03-24_10-03-25.jpg", "height": 1280, "width": 960, "id": 62}, {"file_name": "photo_2023-03-24_10-03-27.jpg", "height": 1280, "width": 960, "id": 63}, {"file_name": "photo_2023-03-24_10-03-27.jpg", "height": 1280, "width": 960, "id": 64}, {"file_name": "photo_2023-03-24_10-03-29.jpg", "height": 1280, "width": 960, "id": 65}, {"file_name": "photo_2023-03-24_10-03-29.jpg", "height": 1280, "width": 960, "id": 66}, {"file_name": "photo_2023-03-24_10-03-26.jpg", "height": 1280, "width": 960, "id": 67}, {"file_name": "photo_2023-03-24_10-03-26.jpg", "height": 1280, "width": 960, "id": 68}, {"file_name": "photo_2023-03-24_10-03-19.jpg", "height": 1280, "width": 960, "id": 77}, {"file_name": "photo_2023-03-24_10-03-19.jpg", "height": 1280, "width": 960, "id": 78}, {"file_name": "photo_2023-03-24_10-03-19.jpg", "height": 1280, "width": 960, "id": 79}, {"file_name": "photo_2023-03-24_10-03-19.jpg", "height": 1280, "width": 960, "id": 80}, {"file_name": "photo_2023-03-24_10-03-23.jpg", "height": 1280, "width": 960, "id": 81}, {"file_name": "photo_2023-03-24_10-03-23.jpg", "height": 1280, "width": 960, "id": 82}, {"file_name": "photo_2023-03-24_10-03-23.jpg", "height": 1280, "width": 960, "id": 83}, {"file_name": "photo_2023-03-24_10-03-23.jpg", "height": 1280, "width": 960, "id": 84}, {"file_name": "photo_2023-03-24_10-03-21.jpg", "height": 1280, "width": 960, "id": 85}, {"file_name": "photo_2023-03-24_10-03-21.jpg", "height": 1280, "width": 960, "id": 86}, {"file_name": "photo_2023-03-24_10-03-21.jpg", "height": 1280, "width": 960, "id": 87}, {"file_name": "photo_2023-03-24_10-03-21.jpg", "height": 1280, "width": 960, "id": 88}, {"file_name": "photo_2023-03-24_10-03-13.jpg", "height": 1280, "width": 960, "id": 93}, {"file_name": "photo_2023-03-24_10-03-13.jpg", "height": 1280, "width": 960, "id": 94}, {"file_name": "photo_2023-03-24_10-03-12.jpg", "height": 1280, "width": 960, "id": 95}, {"file_name": "photo_2023-03-24_10-03-12.jpg", "height": 1280, "width": 960, "id": 96}, {"file_name": "photo_2023-03-24_10-03-15.jpg", "height": 1280, "width": 960, "id": 97}, {"file_name": "photo_2023-03-24_10-03-15.jpg", "height": 1280, "width": 960, "id": 98}, {"file_name": "photo_2023-03-24_10-03-15__2_.jpg", "height": 1280, "width": 960, "id": 99}, {"file_name": "photo_2023-03-24_10-03-15__2_.jpg", "height": 1280, "width": 960, "id": 100}, {"file_name": "photo_2023-03-24_10-03-14.jpg", "height": 1280, "width": 960, "id": 101}, {"file_name": "photo_2023-03-24_10-03-14.jpg", "height": 1280, "width": 960, "id": 102}, {"file_name": "photo_2023-03-24_10-03-08.jpg", "height": 1280, "width": 960, "id": 103}, {"file_name": "photo_2023-03-24_10-03-08.jpg", "height": 1280, "width": 960, "id": 104}, {"file_name": "photo_2023-03-24_10-03-08.jpg", "height": 1280, "width": 960, "id": 105}, {"file_name": "photo_2023-03-24_10-03-08.jpg", "height": 1280, "width": 960, "id": 106}, {"file_name": "photo_2023-03-24_10-03-07__2_.jpg", "height": 1280, "width": 960, "id": 107}, {"file_name": "photo_2023-03-24_10-03-07__2_.jpg", "height": 1280, "width": 960, "id": 108}, {"file_name": "photo_2023-03-24_10-03-07__2_.jpg", "height": 1280, "width": 960, "id": 109}, {"file_name": "photo_2023-03-24_10-03-07__2_.jpg", "height": 1280, "width": 960, "id": 110}, {"file_name": "photo_2023-03-24_10-03-07__2_.jpg", "height": 1280, "width": 960, "id": 111}, {"file_name": "photo_2023-03-24_10-03-07__2_.jpg", "height": 1280, "width": 960, "id": 112}, {"file_name": "photo_2023-03-24_10-03-07__2_.jpg", "height": 1280, "width": 960, "id": 113}, {"file_name": "photo_2023-03-24_10-03-07__2_.jpg", "height": 1280, "width": 960, "id": 114}, {"file_name": "photo_2023-03-24_10-03-11.jpg", "height": 1280, "width": 960, "id": 119}, {"file_name": "photo_2023-03-24_10-03-11.jpg", "height": 1280, "width": 960, "id": 120}, {"file_name": "photo_2023-03-24_10-03-05.jpg", "height": 1280, "width": 960, "id": 125}, {"file_name": "photo_2023-03-24_10-03-05.jpg", "height": 1280, "width": 960, "id": 126}, {"file_name": "photo_2023-03-24_10-03-04.jpg", "height": 1280, "width": 960, "id": 127}, {"file_name": "photo_2023-03-24_10-03-04.jpg", "height": 1280, "width": 960, "id": 128}, {"file_name": "photo_2023-03-24_10-03-06.jpg", "height": 1280, "width": 960, "id": 129}, {"file_name": "photo_2023-03-24_10-03-06.jpg", "height": 1280, "width": 960, "id": 130}, {"file_name": "photo_2023-03-24_10-03-07.jpg", "height": 1280, "width": 960, "id": 131}, {"file_name": "photo_2023-03-24_10-03-07.jpg", "height": 1280, "width": 960, "id": 132}, {"file_name": "photo_2023-03-24_10-03-05__2_.jpg", "height": 1280, "width": 960, "id": 133}, {"file_name": "photo_2023-03-24_10-03-05__2_.jpg", "height": 1280, "width": 960, "id": 134}, {"file_name": "photo_2023-03-24_10-03-30.jpg", "height": 1280, "width": 960, "id": 135}, {"file_name": "photo_2023-03-24_10-03-30.jpg", "height": 1280, "width": 960, "id": 136}, {"file_name": "photo_2023-03-24_10-03-31.jpg", "height": 1280, "width": 960, "id": 143}, {"file_name": "photo_2023-03-24_10-03-31.jpg", "height": 1280, "width": 960, "id": 144}, {"file_name": "photo_2023-03-24_10-03-01.jpg", "height": 1280, "width": 960, "id": 145}, {"file_name": "photo_2023-03-24_10-03-01.jpg", "height": 1280, "width": 960, "id": 146}, {"file_name": "photo_2023-03-24_10-03-01.jpg", "height": 1280, "width": 960, "id": 147}, {"file_name": "photo_2023-03-24_10-03-01.jpg", "height": 1280, "width": 960, "id": 148}, {"file_name": "photo_2023-03-24_10-03-01.jpg", "height": 1280, "width": 960, "id": 149}, {"file_name": "photo_2023-03-24_10-03-01.jpg", "height": 1280, "width": 960, "id": 150}, {"file_name": "photo_2023-03-24_10-03-01.jpg", "height": 1280, "width": 960, "id": 151}, {"file_name": "photo_2023-03-24_10-03-01.jpg", "height": 1280, "width": 960, "id": 152}, {"file_name": "photo_2023-03-23_13-54-40.jpg", "height": 1280, "width": 960, "id": 157}, {"file_name": "photo_2023-03-23_13-54-40.jpg", "height": 1280, "width": 960, "id": 158}, {"file_name": "photo_2023-03-23_13-54-40.jpg", "height": 1280, "width": 960, "id": 159}, {"file_name": "photo_2023-03-23_13-54-38__2_.jpg", "height": 1280, "width": 960, "id": 166}, {"file_name": "photo_2023-03-23_13-54-38__2_.jpg", "height": 1280, "width": 960, "id": 167}, {"file_name": "photo_2023-03-23_13-54-38__2_.jpg", "height": 1280, "width": 960, "id": 168}, {"file_name": "photo_2023-03-23_13-54-38__2_.jpg", "height": 1280, "width": 960, "id": 169}, {"file_name": "photo_2023-03-23_13-54-38__2_.jpg", "height": 1280, "width": 960, "id": 170}, {"file_name": "photo_2023-03-23_13-54-35__2_.jpg", "height": 1280, "width": 960, "id": 171}, {"file_name": "photo_2023-03-23_13-54-35__2_.jpg", "height": 1280, "width": 960, "id": 172}, {"file_name": "photo_2023-03-23_13-54-39.jpg", "height": 1280, "width": 960, "id": 173}, {"file_name": "photo_2023-03-23_13-54-39.jpg", "height": 1280, "width": 960, "id": 174}, {"file_name": "photo_2023-03-23_13-54-36.jpg", "height": 1280, "width": 960, "id": 181}, {"file_name": "photo_2023-03-23_13-54-36.jpg", "height": 1280, "width": 960, "id": 182}, {"file_name": "photo_2023-03-23_13-54-32.jpg", "height": 1280, "width": 960, "id": 183}, {"file_name": "photo_2023-03-23_13-54-32.jpg", "height": 1280, "width": 960, "id": 184}, {"file_name": "photo_2023-03-23_13-54-34__2_.jpg", "height": 1280, "width": 960, "id": 185}, {"file_name": "photo_2023-03-23_13-54-34__2_.jpg", "height": 1280, "width": 960, "id": 186}, {"file_name": "photo_2023-03-23_13-54-35.jpg", "height": 1280, "width": 960, "id": 187}, {"file_name": "photo_2023-03-23_13-54-35.jpg", "height": 1280, "width": 960, "id": 188}, {"file_name": "photo_2023-03-23_13-54-35.jpg", "height": 1280, "width": 960, "id": 189}, {"file_name": "photo_2023-03-23_13-54-35.jpg", "height": 1280, "width": 960, "id": 190}, {"file_name": "photo_2023-03-23_13-54-34.jpg", "height": 1280, "width": 960, "id": 191}, {"file_name": "photo_2023-03-23_13-54-34.jpg", "height": 1280, "width": 960, "id": 192}, {"file_name": "photo_2023-03-23_13-54-33.jpg", "height": 1280, "width": 960, "id": 193}, {"file_name": "photo_2023-03-23_13-54-33.jpg", "height": 1280, "width": 960, "id": 194}, {"file_name": "photo_2023-03-23_13-54-29.jpg", "height": 1280, "width": 960, "id": 195}, {"file_name": "photo_2023-03-23_13-54-29.jpg", "height": 1280, "width": 960, "id": 196}, {"file_name": "photo_2023-03-23_13-54-29.jpg", "height": 1280, "width": 960, "id": 197}, {"file_name": "photo_2023-03-23_13-54-29.jpg", "height": 1280, "width": 960, "id": 198}, {"file_name": "photo_2023-03-23_13-54-41__2_.jpg", "height": 1280, "width": 960, "id": 199}, {"file_name": "photo_2023-03-23_13-54-41__2_.jpg", "height": 1280, "width": 960, "id": 200}, {"file_name": "photo_2023-03-23_13-54-41__2_.jpg", "height": 1280, "width": 960, "id": 201}, {"file_name": "photo_2023-03-23_13-54-26.jpg", "height": 1280, "width": 960, "id": 202}, {"file_name": "photo_2023-03-23_13-54-26.jpg", "height": 1280, "width": 960, "id": 203}, {"file_name": "photo_2023-03-23_13-54-26.jpg", "height": 1280, "width": 960, "id": 204}, {"file_name": "photo_2023-03-23_13-54-26.jpg", "height": 1280, "width": 960, "id": 205}, {"file_name": "photo_2023-03-23_13-54-26.jpg", "height": 1280, "width": 960, "id": 206}, {"file_name": "photo_2023-03-23_13-54-40__2_.jpg", "height": 1280, "width": 960, "id": 207}, {"file_name": "photo_2023-03-23_13-54-40__2_.jpg", "height": 1280, "width": 960, "id": 208}, {"file_name": "photo_2023-03-23_13-54-40__2_.jpg", "height": 1280, "width": 960, "id": 209}, {"file_name": "photo_2023-03-23_13-54-40__2_.jpg", "height": 1280, "width": 960, "id": 210}, {"file_name": "photo_2023-03-23_13-54-41.jpg", "height": 1280, "width": 960, "id": 211}, {"file_name": "photo_2023-03-23_13-54-41.jpg", "height": 1280, "width": 960, "id": 212}, {"file_name": "photo_2023-03-23_13-54-41.jpg", "height": 1280, "width": 960, "id": 213}, {"file_name": "photo_2023-03-23_13-54-41.jpg", "height": 1280, "width": 960, "id": 214}, {"file_name": "photo_2023-03-22_18-26-08.jpg", "height": 1280, "width": 960, "id": 215}, {"file_name": "photo_2023-03-22_18-26-08.jpg", "height": 1280, "width": 960, "id": 216}, {"file_name": "photo_2023-03-22_18-26-07.jpg", "height": 1280, "width": 960, "id": 217}, {"file_name": "photo_2023-03-22_18-26-07.jpg", "height": 1280, "width": 960, "id": 218}, {"file_name": "photo_2023-03-22_18-26-07.jpg", "height": 1280, "width": 960, "id": 219}, {"file_name": "photo_2023-03-22_18-25-57.jpg", "height": 1280, "width": 960, "id": 228}, {"file_name": "photo_2023-03-22_18-25-57.jpg", "height": 1280, "width": 960, "id": 229}, {"file_name": "photo_2023-03-22_18-25-56.jpg", "height": 1280, "width": 960, "id": 230}, {"file_name": "photo_2023-03-22_18-25-56.jpg", "height": 1280, "width": 960, "id": 231}, {"file_name": "photo_2023-03-22_18-25-56.jpg", "height": 1280, "width": 960, "id": 232}, {"file_name": "photo_2023-03-22_18-26-02.jpg", "height": 1280, "width": 960, "id": 233}, {"file_name": "photo_2023-03-22_18-26-02.jpg", "height": 1280, "width": 960, "id": 234}, {"file_name": "photo_2023-03-22_18-26-02.jpg", "height": 1280, "width": 960, "id": 235}, {"file_name": "photo_2023-03-22_18-25-58.jpg", "height": 1280, "width": 960, "id": 236}, {"file_name": "photo_2023-03-22_18-25-58.jpg", "height": 1280, "width": 960, "id": 237}, {"file_name": "photo_2023-03-22_18-25-58.jpg", "height": 1280, "width": 960, "id": 238}, {"file_name": "photo_2023-03-22_18-25-58.jpg", "height": 1280, "width": 960, "id": 239}, {"file_name": "photo_2023-03-22_18-25-58.jpg", "height": 1280, "width": 960, "id": 240}, {"file_name": "photo_2023-03-22_18-25-58.jpg", "height": 1280, "width": 960, "id": 241}, {"file_name": "photo_2023-03-22_18-25-58.jpg", "height": 1280, "width": 960, "id": 242}, {"file_name": "photo_2023-03-22_18-25-58.jpg", "height": 1280, "width": 960, "id": 243}, {"file_name": "photo_2023-03-22_18-26-04.jpg", "height": 1280, "width": 960, "id": 244}, {"file_name": "photo_2023-03-22_18-26-04.jpg", "height": 1280, "width": 960, "id": 245}, {"file_name": "photo_2023-03-22_18-26-10.jpg", "height": 1280, "width": 960, "id": 246}, {"file_name": "photo_2023-03-22_18-26-10.jpg", "height": 1280, "width": 960, "id": 247}, {"file_name": "photo_2023-03-22_18-26-10.jpg", "height": 1280, "width": 960, "id": 248}, {"file_name": "photo_2023-03-22_18-26-10.jpg", "height": 1280, "width": 960, "id": 249}, {"file_name": "photo_2023-03-22_18-26-10.jpg", "height": 1280, "width": 960, "id": 250}, {"file_name": "photo_2023-03-22_18-25-54.jpg", "height": 1280, "width": 960, "id": 251}, {"file_name": "photo_2023-03-22_18-25-54.jpg", "height": 1280, "width": 960, "id": 252}, {"file_name": "photo_2023-03-22_18-25-54.jpg", "height": 1280, "width": 960, "id": 253}, {"file_name": "photo_2023-03-22_18-25-54.jpg", "height": 1280, "width": 960, "id": 254}, {"file_name": "photo_2023-03-22_18-25-49.jpg", "height": 1280, "width": 960, "id": 255}, {"file_name": "photo_2023-03-22_18-25-49.jpg", "height": 1280, "width": 960, "id": 256}, {"file_name": "photo_2023-03-22_18-25-49.jpg", "height": 1280, "width": 960, "id": 257}, {"file_name": "photo_2023-03-22_18-25-53.jpg", "height": 1280, "width": 960, "id": 258}, {"file_name": "photo_2023-03-22_18-25-53.jpg", "height": 1280, "width": 960, "id": 259}], "annotations": [{"id": 0, "image_id": 0, "category_id": "N", "bbox": [547, 662, 313, 305], "area": 95465, "iscrowd": 0}, {"id": 1, "image_id": 1, "category_id": "N", "bbox": [82, 655, 313, 318], "area": 99534, "iscrowd": 0}, {"id": 2, "image_id": 2, "category_id": "Q", "bbox": [557, 141, 352, 348], "area": 122496, "iscrowd": 0}, {"id": 3, "image_id": 3, "category_id": "Q", "bbox": [59, 121, 354, 342], "area": 121068, "iscrowd": 0}, {"id": 4, "image_id": 10, "category_id": "P", "bbox": [534, 731, 273, 291], "area": 79443, "iscrowd": 0}, {"id": 5, "image_id": 11, "category_id": "P", "bbox": [166, 780, 284, 295], "area": 83780, "iscrowd": 0}, {"id": 6, "image_id": 12, "category_id": "D", "bbox": [489, 221, 269, 268], "area": 72092, "iscrowd": 0}, {"id": 7, "image_id": 13, "category_id": "D", "bbox": [129, 270, 278, 279], "area": 77562, "iscrowd": 0}, {"id": 8, "image_id": 14, "category_id": "N", "bbox": [467, 670, 284, 291], "area": 82644, "iscrowd": 0}, {"id": 9, "image_id": 15, "category_id": "N", "bbox": [151, 618, 281, 293], "area": 82333, "iscrowd": 0}, {"id": 10, "image_id": 16, "category_id": "Q", "bbox": [473, 186, 323, 320], "area": 103360, "iscrowd": 0}, {"id": 11, "image_id": 17, "category_id": "Q", "bbox": [35, 174, 325, 311], "area": 101075, "iscrowd": 0}, {"id": 12, "image_id": 18, "category_id": "P", "bbox": [485, 379, 320, 317], "area": 101440, "iscrowd": 0}, {"id": 13, "image_id": 19, "category_id": "P", "bbox": [69, 406, 314, 311], "area": 97654, "iscrowd": 0}, {"id": 14, "image_id": 20, "category_id": "N", "bbox": [465, 680, 223, 229], "area": 51067, "iscrowd": 0}, {"id": 15, "image_id": 21, "category_id": "P", "bbox": [483, 416, 203, 200], "area": 40600, "iscrowd": 0}, {"id": 16, "image_id": 22, "category_id": "Q", "bbox": [235, 244, 252, 252], "area": 63504, "iscrowd": 0}, {"id": 17, "image_id": 23, "category_id": "D", "bbox": [200, 567, 189, 189], "area": 35721, "iscrowd": 0}, {"id": 18, "image_id": 24, "category_id": "P", "bbox": [1, 379, 668, 221], "area": 147628, "iscrowd": 0}, {"id": 19, "image_id": 25, "category_id": "P", "bbox": [305, 96, 240, 221], "area": 53040, "iscrowd": 0}, {"id": 20, "image_id": 26, "category_id": "Q", "bbox": [647, 532, 272, 283], "area": 76976, "iscrowd": 0}, {"id": 21, "image_id": 27, "category_id": "D", "bbox": [47, 489, 213, 213], "area": 45369, "iscrowd": 0}, {"id": 22, "image_id": 36, "category_id": "N", "bbox": [669, 506, 246, 262], "area": 64452, "iscrowd": 0}, {"id": 23, "image_id": 37, "category_id": "N", "bbox": [47, 383, 268, 274], "area": 73432, "iscrowd": 0}, {"id": 24, "image_id": 38, "category_id": "Q", "bbox": [342, 117, 299, 307], "area": 91793, "iscrowd": 0}, {"id": 25, "image_id": 39, "category_id": "D", "bbox": [387, 645, 217, 221], "area": 47957, "iscrowd": 0}, {"id": 26, "image_id": 40, "category_id": "N", "bbox": [92, 535, 270, 253], "area": 68310, "iscrowd": 0}, {"id": 27, "image_id": 41, "category_id": "P", "bbox": [344, 926, 237, 215], "area": 50955, "iscrowd": 0}, {"id": 28, "image_id": 42, "category_id": "Q", "bbox": [575, 514, 283, 285], "area": 80655, "iscrowd": 0}, {"id": 29, "image_id": 43, "category_id": "D", "bbox": [336, 96, 227, 234], "area": 53118, "iscrowd": 0}, {"id": 30, "image_id": 44, "category_id": "D", "bbox": [530, 348, 262, 256], "area": 67072, "iscrowd": 0}, {"id": 31, "image_id": 45, "category_id": "D", "bbox": [71, 369, 265, 254], "area": 67310, "iscrowd": 0}, {"id": 32, "image_id": 46, "category_id": "Q", "bbox": [493, 444, 348, 347], "area": 120756, "iscrowd": 0}, {"id": 33, "image_id": 47, "category_id": "Q", "bbox": [65, 416, 346, 352], "area": 121792, "iscrowd": 0}, {"id": 34, "image_id": 48, "category_id": "P", "bbox": [121, 211, 270, 272], "area": 73440, "iscrowd": 0}, {"id": 35, "image_id": 49, "category_id": "Q", "bbox": [194, 711, 332, 303], "area": 100596, "iscrowd": 0}, {"id": 36, "image_id": 50, "category_id": "D", "bbox": [526, 414, 254, 231], "area": 58674, "iscrowd": 0}, {"id": 37, "image_id": 51, "category_id": "Q", "bbox": [549, 434, 305, 318], "area": 96990, "iscrowd": 0}, {"id": 38, "image_id": 52, "category_id": "Q", "bbox": [76, 469, 329, 324], "area": 106596, "iscrowd": 0}, {"id": 39, "image_id": 53, "category_id": "N", "bbox": [538, 449, 365, 356], "area": 129940, "iscrowd": 0}, {"id": 40, "image_id": 54, "category_id": "N", "bbox": [26, 412, 357, 352], "area": 125664, "iscrowd": 0}, {"id": 41, "image_id": 55, "category_id": "N", "bbox": [137, 887, 311, 299], "area": 92989, "iscrowd": 0}, {"id": 42, "image_id": 56, "category_id": "N", "bbox": [557, 821, 315, 307], "area": 96705, "iscrowd": 0}, {"id": 43, "image_id": 57, "category_id": "Q", "bbox": [538, 307, 357, 369], "area": 131733, "iscrowd": 0}, {"id": 44, "image_id": 58, "category_id": "Q", "bbox": [43, 332, 377, 377], "area": 142129, "iscrowd": 0}, {"id": 45, "image_id": 59, "category_id": "N", "bbox": [620, 754, 312, 319], "area": 99528, "iscrowd": 0}, {"id": 46, "image_id": 60, "category_id": "N", "bbox": [125, 795, 336, 333], "area": 111888, "iscrowd": 0}, {"id": 47, "image_id": 61, "category_id": "Q", "bbox": [608, 260, 334, 350], "area": 116900, "iscrowd": 0}, {"id": 48, "image_id": 62, "category_id": "Q", "bbox": [71, 240, 365, 360], "area": 131400, "iscrowd": 0}, {"id": 49, "image_id": 63, "category_id": "Q", "bbox": [518, 502, 383, 381], "area": 145923, "iscrowd": 0}, {"id": 50, "image_id": 64, "category_id": "Q", "bbox": [63, 479, 389, 383], "area": 148987, "iscrowd": 0}, {"id": 51, "image_id": 65, "category_id": "N", "bbox": [499, 553, 347, 352], "area": 122144, "iscrowd": 0}, {"id": 52, "image_id": 66, "category_id": "N", "bbox": [39, 524, 350, 357], "area": 124950, "iscrowd": 0}, {"id": 53, "image_id": 67, "category_id": "Q", "bbox": [540, 428, 349, 350], "area": 122150, "iscrowd": 0}, {"id": 54, "image_id": 68, "category_id": "Q", "bbox": [47, 424, 364, 354], "area": 128856, "iscrowd": 0}, {"id": 55, "image_id": 77, "category_id": "Q", "bbox": [497, 207, 375, 366], "area": 137250, "iscrowd": 0}, {"id": 56, "image_id": 78, "category_id": "Q", "bbox": [41, 178, 368, 373], "area": 137264, "iscrowd": 0}, {"id": 57, "image_id": 79, "category_id": "D", "bbox": [596, 758, 270, 280], "area": 75600, "iscrowd": 0}, {"id": 58, "image_id": 80, "category_id": "D", "bbox": [76, 754, 270, 268], "area": 72360, "iscrowd": 0}, {"id": 59, "image_id": 81, "category_id": "P", "bbox": [487, 309, 363, 373], "area": 135399, "iscrowd": 0}, {"id": 60, "image_id": 82, "category_id": "P", "bbox": [28, 350, 373, 367], "area": 136891, "iscrowd": 0}, {"id": 61, "image_id": 83, "category_id": "D", "bbox": [557, 881, 313, 305], "area": 95465, "iscrowd": 0}, {"id": 62, "image_id": 84, "category_id": "D", "bbox": [67, 909, 326, 308], "area": 100408, "iscrowd": 0}, {"id": 63, "image_id": 85, "category_id": "N", "bbox": [518, 307, 373, 365], "area": 136145, "iscrowd": 0}, {"id": 64, "image_id": 86, "category_id": "N", "bbox": [22, 342, 373, 379], "area": 141367, "iscrowd": 0}, {"id": 65, "image_id": 87, "category_id": "D", "bbox": [555, 877, 284, 272], "area": 77248, "iscrowd": 0}, {"id": 66, "image_id": 88, "category_id": "D", "bbox": [151, 889, 289, 268], "area": 77452, "iscrowd": 0}, {"id": 67, "image_id": 93, "category_id": "Q", "bbox": [469, 299, 391, 395], "area": 154445, "iscrowd": 0}, {"id": 68, "image_id": 94, "category_id": "Q", "bbox": [35, 383, 393, 397], "area": 156021, "iscrowd": 0}, {"id": 69, "image_id": 95, "category_id": "Q", "bbox": [485, 301, 359, 363], "area": 130317, "iscrowd": 0}, {"id": 70, "image_id": 96, "category_id": "Q", "bbox": [30, 338, 369, 373], "area": 137637, "iscrowd": 0}, {"id": 71, "image_id": 97, "category_id": "D", "bbox": [536, 334, 279, 291], "area": 81189, "iscrowd": 0}, {"id": 72, "image_id": 98, "category_id": "D", "bbox": [55, 338, 301, 307], "area": 92407, "iscrowd": 0}, {"id": 73, "image_id": 99, "category_id": "D", "bbox": [592, 254, 262, 281], "area": 73622, "iscrowd": 0}, {"id": 74, "image_id": 100, "category_id": "D", "bbox": [82, 254, 288, 295], "area": 84960, "iscrowd": 0}, {"id": 75, "image_id": 101, "category_id": "N", "bbox": [524, 307, 336, 346], "area": 116256, "iscrowd": 0}, {"id": 76, "image_id": 102, "category_id": "N", "bbox": [43, 332, 358, 356], "area": 127448, "iscrowd": 0}, {"id": 77, "image_id": 103, "category_id": "N", "bbox": [522, 668, 264, 290], "area": 76560, "iscrowd": 0}, {"id": 78, "image_id": 104, "category_id": "N", "bbox": [121, 711, 301, 293], "area": 88193, "iscrowd": 0}, {"id": 79, "image_id": 105, "category_id": "Q", "bbox": [502, 123, 294, 297], "area": 87318, "iscrowd": 0}, {"id": 80, "image_id": 106, "category_id": "Q", "bbox": [47, 143, 319, 312], "area": 99528, "iscrowd": 0}, {"id": 81, "image_id": 107, "category_id": "N", "bbox": [463, 334, 206, 219], "area": 45114, "iscrowd": 0}, {"id": 82, "image_id": 108, "category_id": "N", "bbox": [170, 332, 215, 211], "area": 45365, "iscrowd": 0}, {"id": 83, "image_id": 109, "category_id": "P", "bbox": [551, 1020, 180, 190], "area": 34200, "iscrowd": 0}, {"id": 84, "image_id": 110, "category_id": "P", "bbox": [205, 1006, 200, 204], "area": 40800, "iscrowd": 0}, {"id": 85, "image_id": 111, "category_id": "Q", "bbox": [495, 23, 222, 221], "area": 49062, "iscrowd": 0}, {"id": 86, "image_id": 112, "category_id": "Q", "bbox": [155, 23, 236, 233], "area": 54988, "iscrowd": 0}, {"id": 87, "image_id": 113, "category_id": "D", "bbox": [540, 670, 181, 188], "area": 34028, "iscrowd": 0}, {"id": 88, "image_id": 114, "category_id": "D", "bbox": [207, 694, 184, 185], "area": 34040, "iscrowd": 0}, {"id": 89, "image_id": 119, "category_id": "P", "bbox": [502, 391, 292, 305], "area": 89060, "iscrowd": 0}, {"id": 90, "image_id": 120, "category_id": "P", "bbox": [110, 422, 289, 309], "area": 89301, "iscrowd": 0}, {"id": 91, "image_id": 125, "category_id": "Q", "bbox": [565, 408, 365, 366], "area": 133590, "iscrowd": 0}, {"id": 92, "image_id": 126, "category_id": "Q", "bbox": [45, 403, 387, 375], "area": 145125, "iscrowd": 0}, {"id": 93, "image_id": 127, "category_id": "Q", "bbox": [516, 309, 362, 363], "area": 131406, "iscrowd": 0}, {"id": 94, "image_id": 128, "category_id": "Q", "bbox": [43, 256, 370, 365], "area": 135050, "iscrowd": 0}, {"id": 95, "image_id": 129, "category_id": "D", "bbox": [598, 477, 332, 328], "area": 108896, "iscrowd": 0}, {"id": 96, "image_id": 130, "category_id": "D", "bbox": [51, 473, 336, 330], "area": 110880, "iscrowd": 0}, {"id": 97, "image_id": 131, "category_id": "P", "bbox": [444, 629, 287, 276], "area": 79212, "iscrowd": 0}, {"id": 98, "image_id": 132, "category_id": "P", "bbox": [43, 592, 276, 278], "area": 76728, "iscrowd": 0}, {"id": 99, "image_id": 133, "category_id": "N", "bbox": [573, 340, 348, 340], "area": 118320, "iscrowd": 0}, {"id": 100, "image_id": 134, "category_id": "N", "bbox": [14, 262, 356, 354], "area": 126024, "iscrowd": 0}, {"id": 101, "image_id": 135, "category_id": "D", "bbox": [514, 602, 313, 309], "area": 96717, "iscrowd": 0}, {"id": 102, "image_id": 136, "category_id": "D", "bbox": [102, 580, 324, 309], "area": 100116, "iscrowd": 0}, {"id": 103, "image_id": 143, "category_id": "P", "bbox": [506, 535, 319, 323], "area": 103037, "iscrowd": 0}, {"id": 104, "image_id": 144, "category_id": "P", "bbox": [506, 535, 319, 323], "area": 103037, "iscrowd": 0}, {"id": 105, "image_id": 145, "category_id": "N", "bbox": [528, 317, 254, 236], "area": 59944, "iscrowd": 0}, {"id": 106, "image_id": 146, "category_id": "N", "bbox": [182, 313, 258, 240], "area": 61920, "iscrowd": 0}, {"id": 107, "image_id": 147, "category_id": "P", "bbox": [499, 952, 252, 260], "area": 65520, "iscrowd": 0}, {"id": 108, "image_id": 148, "category_id": "P", "bbox": [194, 948, 250, 277], "area": 69250, "iscrowd": 0}, {"id": 109, "image_id": 149, "category_id": "Q", "bbox": [520, 14, 274, 234], "area": 64116, "iscrowd": 0}, {"id": 110, "image_id": 150, "category_id": "Q", "bbox": [194, 16, 258, 220], "area": 56760, "iscrowd": 0}, {"id": 111, "image_id": 151, "category_id": "D", "bbox": [510, 625, 229, 229], "area": 52441, "iscrowd": 0}, {"id": 112, "image_id": 152, "category_id": "D", "bbox": [182, 629, 225, 225], "area": 50625, "iscrowd": 0}, {"id": 113, "image_id": 157, "category_id": "P", "bbox": [510, 829, 192, 193], "area": 37056, "iscrowd": 0}, {"id": 114, "image_id": 158, "category_id": "Q", "bbox": [616, 309, 248, 244], "area": 60512, "iscrowd": 0}, {"id": 115, "image_id": 159, "category_id": "D", "bbox": [114, 707, 199, 188], "area": 37412, "iscrowd": 0}, {"id": 116, "image_id": 166, "category_id": "N", "bbox": [0, 516, 166, 170], "area": 28220, "iscrowd": 0}, {"id": 117, "image_id": 167, "category_id": "Q", "bbox": [403, 631, 201, 205], "area": 41205, "iscrowd": 0}, {"id": 118, "image_id": 168, "category_id": "Q", "bbox": [346, 338, 192, 188], "area": 36096, "iscrowd": 0}, {"id": 119, "image_id": 169, "category_id": "D", "bbox": [243, 870, 148, 142], "area": 21016, "iscrowd": 0}, {"id": 120, "image_id": 170, "category_id": "D", "bbox": [696, 492, 145, 145], "area": 21025, "iscrowd": 0}, {"id": 121, "image_id": 171, "category_id": "P", "bbox": [104, 530, 271, 269], "area": 72899, "iscrowd": 0}, {"id": 122, "image_id": 172, "category_id": "D", "bbox": [452, 614, 254, 248], "area": 62992, "iscrowd": 0}, {"id": 123, "image_id": 173, "category_id": "Q", "bbox": [393, 440, 250, 242], "area": 60500, "iscrowd": 0}, {"id": 124, "image_id": 174, "category_id": "D", "bbox": [202, 723, 177, 176], "area": 31152, "iscrowd": 0}, {"id": 125, "image_id": 181, "category_id": "P", "bbox": [162, 522, 270, 266], "area": 71820, "iscrowd": 0}, {"id": 126, "image_id": 182, "category_id": "D", "bbox": [305, 805, 246, 252], "area": 61992, "iscrowd": 0}, {"id": 127, "image_id": 183, "category_id": "N", "bbox": [481, 551, 309, 315], "area": 97335, "iscrowd": 0}, {"id": 128, "image_id": 184, "category_id": "N", "bbox": [110, 682, 318, 309], "area": 98262, "iscrowd": 0}, {"id": 129, "image_id": 185, "category_id": "P", "bbox": [86, 573, 284, 273], "area": 77532, "iscrowd": 0}, {"id": 130, "image_id": 186, "category_id": "D", "bbox": [547, 625, 258, 254], "area": 65532, "iscrowd": 0}, {"id": 131, "image_id": 187, "category_id": "P", "bbox": [147, 866, 232, 242], "area": 56144, "iscrowd": 0}, {"id": 132, "image_id": 188, "category_id": "P", "bbox": [108, 498, 244, 237], "area": 57828, "iscrowd": 0}, {"id": 133, "image_id": 189, "category_id": "D", "bbox": [493, 807, 219, 223], "area": 48837, "iscrowd": 0}, {"id": 134, "image_id": 190, "category_id": "D", "bbox": [504, 543, 215, 219], "area": 47085, "iscrowd": 0}, {"id": 135, "image_id": 191, "category_id": "Q", "bbox": [516, 643, 301, 301], "area": 90601, "iscrowd": 0}, {"id": 136, "image_id": 192, "category_id": "Q", "bbox": [82, 743, 319, 316], "area": 100804, "iscrowd": 0}, {"id": 137, "image_id": 193, "category_id": "Q", "bbox": [545, 594, 272, 283], "area": 76976, "iscrowd": 0}, {"id": 138, "image_id": 194, "category_id": "Q", "bbox": [123, 727, 288, 279], "area": 80352, "iscrowd": 0}, {"id": 139, "image_id": 195, "category_id": "N", "bbox": [551, 784, 256, 256], "area": 65536, "iscrowd": 0}, {"id": 140, "image_id": 196, "category_id": "N", "bbox": [229, 836, 260, 254], "area": 66040, "iscrowd": 0}, {"id": 141, "image_id": 197, "category_id": "Q", "bbox": [475, 317, 276, 295], "area": 81420, "iscrowd": 0}, {"id": 142, "image_id": 198, "category_id": "Q", "bbox": [108, 401, 305, 285], "area": 86925, "iscrowd": 0}, {"id": 143, "image_id": 199, "category_id": "N", "bbox": [502, 520, 217, 211], "area": 45787, "iscrowd": 0}, {"id": 144, "image_id": 200, "category_id": "P", "bbox": [211, 529, 186, 192], "area": 35712, "iscrowd": 0}, {"id": 145, "image_id": 201, "category_id": "D", "bbox": [198, 846, 174, 180], "area": 31320, "iscrowd": 0}, {"id": 146, "image_id": 202, "category_id": "N", "bbox": [618, 872, 262, 256], "area": 67072, "iscrowd": 0}, {"id": 147, "image_id": 203, "category_id": "N", "bbox": [51, 893, 260, 260], "area": 67600, "iscrowd": 0}, {"id": 148, "image_id": 204, "category_id": "P", "bbox": [354, 569, 234, 222], "area": 51948, "iscrowd": 0}, {"id": 149, "image_id": 205, "category_id": "Q", "bbox": [485, 109, 291, 288], "area": 83808, "iscrowd": 0}, {"id": 150, "image_id": 206, "category_id": "Q", "bbox": [20, 131, 279, 283], "area": 78957, "iscrowd": 0}, {"id": 151, "image_id": 207, "category_id": "N", "bbox": [71, 254, 220, 203], "area": 44660, "iscrowd": 0}, {"id": 152, "image_id": 208, "category_id": "P", "bbox": [532, 821, 197, 189], "area": 37233, "iscrowd": 0}, {"id": 153, "image_id": 209, "category_id": "Q", "bbox": [661, 309, 246, 246], "area": 60516, "iscrowd": 0}, {"id": 154, "image_id": 210, "category_id": "D", "bbox": [168, 692, 174, 178], "area": 30972, "iscrowd": 0}, {"id": 155, "image_id": 211, "category_id": "N", "bbox": [475, 371, 239, 239], "area": 57121, "iscrowd": 0}, {"id": 156, "image_id": 212, "category_id": "P", "bbox": [166, 403, 200, 213], "area": 42600, "iscrowd": 0}, {"id": 157, "image_id": 213, "category_id": "Q", "bbox": [551, 762, 266, 274], "area": 72884, "iscrowd": 0}, {"id": 158, "image_id": 214, "category_id": "D", "bbox": [151, 776, 199, 193], "area": 38407, "iscrowd": 0}, {"id": 159, "image_id": 215, "category_id": "P", "bbox": [483, 520, 162, 162], "area": 26244, "iscrowd": 0}, {"id": 160, "image_id": 216, "category_id": "D", "bbox": [229, 651, 152, 152], "area": 23104, "iscrowd": 0}, {"id": 161, "image_id": 217, "category_id": "N", "bbox": [196, 690, 181, 180], "area": 32580, "iscrowd": 0}, {"id": 162, "image_id": 218, "category_id": "N", "bbox": [506, 707, 172, 172], "area": 29584, "iscrowd": 0}, {"id": 163, "image_id": 219, "category_id": "D", "bbox": [303, 377, 149, 151], "area": 22499, "iscrowd": 0}, {"id": 164, "image_id": 228, "category_id": "P", "bbox": [446, 666, 172, 172], "area": 29584, "iscrowd": 0}, {"id": 165, "image_id": 229, "category_id": "D", "bbox": [145, 721, 164, 160], "area": 26240, "iscrowd": 0}, {"id": 166, "image_id": 230, "category_id": "P", "bbox": [430, 670, 174, 180], "area": 31320, "iscrowd": 0}, {"id": 167, "image_id": 231, "category_id": "Q", "bbox": [178, 383, 237, 227], "area": 53799, "iscrowd": 0}, {"id": 168, "image_id": 232, "category_id": "D", "bbox": [135, 731, 158, 156], "area": 24648, "iscrowd": 0}, {"id": 169, "image_id": 233, "category_id": "P", "bbox": [420, 418, 178, 174], "area": 30972, "iscrowd": 0}, {"id": 170, "image_id": 234, "category_id": "Q", "bbox": [502, 778, 219, 213], "area": 46647, "iscrowd": 0}, {"id": 171, "image_id": 235, "category_id": "Q", "bbox": [112, 705, 226, 215], "area": 48590, "iscrowd": 0}, {"id": 172, "image_id": 236, "category_id": "N", "bbox": [651, 498, 162, 168], "area": 27216, "iscrowd": 0}, {"id": 173, "image_id": 237, "category_id": "N", "bbox": [411, 453, 158, 172], "area": 27176, "iscrowd": 0}, {"id": 174, "image_id": 238, "category_id": "P", "bbox": [338, 932, 143, 147], "area": 21021, "iscrowd": 0}, {"id": 175, "image_id": 239, "category_id": "P", "bbox": [581, 264, 133, 148], "area": 19684, "iscrowd": 0}, {"id": 176, "image_id": 240, "category_id": "Q", "bbox": [575, 967, 185, 190], "area": 35150, "iscrowd": 0}, {"id": 177, "image_id": 241, "category_id": "Q", "bbox": [24, 924, 199, 186], "area": 37014, "iscrowd": 0}, {"id": 178, "image_id": 242, "category_id": "D", "bbox": [55, 516, 141, 137], "area": 19317, "iscrowd": 0}, {"id": 179, "image_id": 243, "category_id": "D", "bbox": [284, 195, 136, 135], "area": 18360, "iscrowd": 0}, {"id": 180, "image_id": 244, "category_id": "Q", "bbox": [506, 584, 200, 207], "area": 41400, "iscrowd": 0}, {"id": 181, "image_id": 245, "category_id": "Q", "bbox": [116, 537, 213, 200], "area": 42600, "iscrowd": 0}, {"id": 182, "image_id": 246, "category_id": "N", "bbox": [596, 426, 157, 164], "area": 25748, "iscrowd": 0}, {"id": 183, "image_id": 247, "category_id": "P", "bbox": [473, 696, 145, 144], "area": 20880, "iscrowd": 0}, {"id": 184, "image_id": 248, "category_id": "P", "bbox": [149, 496, 144, 141], "area": 20304, "iscrowd": 0}, {"id": 185, "image_id": 249, "category_id": "D", "bbox": [293, 866, 137, 129], "area": 17673, "iscrowd": 0}, {"id": 186, "image_id": 250, "category_id": "D", "bbox": [344, 367, 133, 137], "area": 18221, "iscrowd": 0}, {"id": 187, "image_id": 251, "category_id": "N", "bbox": [407, 272, 224, 230], "area": 51520, "iscrowd": 0}, {"id": 188, "image_id": 252, "category_id": "N", "bbox": [305, 721, 219, 219], "area": 47961, "iscrowd": 0}, {"id": 189, "image_id": 253, "category_id": "Q", "bbox": [575, 567, 250, 246], "area": 61500, "iscrowd": 0}, {"id": 190, "image_id": 254, "category_id": "D", "bbox": [18, 598, 189, 193], "area": 36477, "iscrowd": 0}, {"id": 191, "image_id": 255, "category_id": "N", "bbox": [399, 637, 199, 205], "area": 40795, "iscrowd": 0}, {"id": 192, "image_id": 256, "category_id": "P", "bbox": [233, 244, 182, 188], "area": 34216, "iscrowd": 0}, {"id": 193, "image_id": 257, "category_id": "D", "bbox": [198, 729, 168, 174], "area": 29232, "iscrowd": 0}, {"id": 194, "image_id": 258, "category_id": "N", "bbox": [405, 637, 203, 199], "area": 40397, "iscrowd": 0}, {"id": 195, "image_id": 259, "category_id": "D", "bbox": [215, 735, 160, 156], "area": 24960, "iscrowd": 0}], "categories": [{"id": 0, "name": "P"}, {"id": 1, "name": "N"}, {"id": 2, "name": "D"}, {"id": 3, "name": "Q"}]}